USERNAME,FIRSTNAME,LASTNAME,EMAIL,PASSWORD,PASSWORD_CHECK
Clydehacking,Clyde,Lueilwitz,Clyde.Predovic58@yahoo.com,P@ssword123,P@ssword123
LouieDesigner,Louie,Toy,Louie12@gmail.com,P@ssword123,P@ssword123
ChynaProgrammable,Chyna,Gottlieb,Chyna.Franecki@hotmail.com,P@ssword123,P@ssword123
EddieIceland,Eddie,Bashirian,Eddie79@gmail.com,P@ssword123,P@ssword123
HoustonSavings,Houston,Langworth,Houston.Stamm70@gmail.com,P@ssword123,P@ssword123
GracielaPeople's,Graciela,Gleichner,Graciela_Kertzmann@hotmail.com,P@ssword123,P@ssword123
MaiyaCourt,Maiya,Schimmel,Maiya28@gmail.com,P@ssword123,P@ssword123
AdityaLoaf,Aditya,Feil,Aditya44@gmail.com,P@ssword123,P@ssword123
Todengine,Tod,Simonis,Tod.Kling16@hotmail.com,P@ssword123,P@ssword123
Orphabandwidth,Orpha,Rippin,Orpha.Turner76@yahoo.com,P@ssword123,P@ssword123
Donavonbacking,Donavon,Connelly,Donavon62@gmail.com,P@ssword123,P@ssword123
Barrynetworks,Barry,Waelchi,Barry_Grimes@yahoo.com,P@ssword123,P@ssword123
KarinaCard,Karina,Will,Karina_Sanford@yahoo.com,P@ssword123,P@ssword123
TinaTasty,Tina,Willms,Tina20@gmail.com,P@ssword123,P@ssword123
AndrewSynchronised,Andrew,Koch,Andrew_Leannon@hotmail.com,P@ssword123,P@ssword123
Ethelextend,Ethel,Rolfson,Ethel_Lynch@gmail.com,P@ssword123,P@ssword123
VincentCambridgeshire,Vincent,Kessler,Vincent_Hane39@yahoo.com,P@ssword123,P@ssword123
ChristopheFacilitator,Christophe,Beer,Christophe_Stanton@yahoo.com,P@ssword123,P@ssword123
Tressieteal,Tressie,Abbott,Tressie.Cummerata91@gmail.com,P@ssword123,P@ssword123
Emilianoparsing,Emiliano,Hirthe,Emiliano_Kub@hotmail.com,P@ssword123,P@ssword123
Dagmardeposit,Dagmar,Conn,Dagmar_Luettgen@hotmail.com,P@ssword123,P@ssword123
Daniellamagenta,Daniella,Bode,Daniella_Hilpert83@hotmail.com,P@ssword123,P@ssword123
Neldatan,Nelda,Robel,Nelda89@yahoo.com,P@ssword123,P@ssword123
Frederiquered,Frederique,Roberts,Frederique_Kuvalis43@hotmail.com,P@ssword123,P@ssword123
Lavadasalmon,Lavada,Carroll,Lavada_Rogahn@yahoo.com,P@ssword123,P@ssword123
OdellAssociate,Odell,Donnelly,Odell15@gmail.com,P@ssword123,P@ssword123
GracielaAvon,Graciela,Harris,Graciela_Kreiger77@yahoo.com,P@ssword123,P@ssword123
Tyrelniches,Tyrel,Powlowski,Tyrel21@hotmail.com,P@ssword123,P@ssword123
Deshaunteal,Deshaun,Auer,Deshaun59@hotmail.com,P@ssword123,P@ssword123
HaleyMeadows,Haley,Harber,Haley20@gmail.com,P@ssword123,P@ssword123
LukasAccount,Lukas,Weber,Lukas52@hotmail.com,P@ssword123,P@ssword123
JanaLight,Jana,Schuppe,Jana.Flatley69@yahoo.com,P@ssword123,P@ssword123
Chasitypayment,Chasity,Marquardt,Chasity_Prohaska@hotmail.com,P@ssword123,P@ssword123
SibylNational,Sibyl,Shields,Sibyl.Cummings98@hotmail.com,P@ssword123,P@ssword123
Meggieaggregate,Meggie,Fisher,Meggie97@gmail.com,P@ssword123,P@ssword123
MakaylaSleek,Makayla,Leuschke,Makayla.Mosciski@yahoo.com,P@ssword123,P@ssword123
ClareAlabama,Clare,Klein,Clare_Lehner@gmail.com,P@ssword123,P@ssword123
EphraimProducer,Ephraim,Langworth,Ephraim_Crooks24@hotmail.com,P@ssword123,P@ssword123
Samirmorph,Samir,Greenholt,Samir.Collier@gmail.com,P@ssword123,P@ssword123
Lucindawebsite,Lucinda,Weissnat,Lucinda35@yahoo.com,P@ssword123,P@ssword123
ElmerSMS,Elmer,Koelpin,Elmer.Kautzer0@gmail.com,P@ssword123,P@ssword123
Dulcecollaborative,Dulce,Bartoletti,Dulce.Volkman24@gmail.com,P@ssword123,P@ssword123
EinoAccount,Eino,Cartwright,Eino71@hotmail.com,P@ssword123,P@ssword123
Alessiarepurpose,Alessia,Hickle,Alessia.McGlynn57@hotmail.com,P@ssword123,P@ssword123
KeeganDesigner,Keegan,Medhurst,Keegan_Kassulke@gmail.com,P@ssword123,P@ssword123
Zionexperiences,Zion,Lebsack,Zion.Howell@gmail.com,P@ssword123,P@ssword123
MarleeConfiguration,Marlee,O'Hara,Marlee.Schultz15@hotmail.com,P@ssword123,P@ssword123
CasperProfit-focused,Casper,Gaylord,Casper_Kunde@hotmail.com,P@ssword123,P@ssword123
RuthAssurance,Ruth,Frami,Ruth80@yahoo.com,P@ssword123,P@ssword123
Skyemobile,Skye,Walker,Skye_Fahey13@yahoo.com,P@ssword123,P@ssword123
EmiliaAccount,Emilia,Haag,Emilia17@yahoo.com,P@ssword123,P@ssword123
ElisaSMTP,Elisa,Marquardt,Elisa54@gmail.com,P@ssword123,P@ssword123
Aprilturquoise,April,Prosacco,April.Turner31@yahoo.com,P@ssword123,P@ssword123
Franciscahard,Francisca,Walsh,Francisca_Grady@hotmail.com,P@ssword123,P@ssword123
AntoinetteSpurs,Antoinette,Mayert,Antoinette.Mohr13@gmail.com,P@ssword123,P@ssword123
Brandiazure,Brandi,Sipes,Brandi_Johns30@hotmail.com,P@ssword123,P@ssword123
CaylaCambridgeshire,Cayla,Herzog,Cayla69@gmail.com,P@ssword123,P@ssword123
Sylviahacking,Sylvia,Heathcote,Sylvia57@yahoo.com,P@ssword123,P@ssword123
Trentmulti-byte,Trent,Corkery,Trent_Vandervort59@hotmail.com,P@ssword123,P@ssword123
AngelVietnam,Angel,Rowe,Angel.Jast@gmail.com,P@ssword123,P@ssword123
KeonLicensed,Keon,Wunsch,Keon.Kunde@gmail.com,P@ssword123,P@ssword123
VickyLodge,Vicky,McDermott,Vicky7@yahoo.com,P@ssword123,P@ssword123
Savannahvisionary,Savannah,Marvin,Savannah42@gmail.com,P@ssword123,P@ssword123
HazelAI,Hazel,Crist,Hazel95@hotmail.com,P@ssword123,P@ssword123
ThadGorgeous,Thad,Schiller,Thad_Kuphal88@gmail.com,P@ssword123,P@ssword123
HarrisonTechnician,Harrison,Reilly,Harrison_McCullough@yahoo.com,P@ssword123,P@ssword123
Jenningssystems,Jennings,Wisoky,Jennings_Parker@yahoo.com,P@ssword123,P@ssword123
Andrebi-directional,Andre,Romaguera,Andre_Labadie82@yahoo.com,P@ssword123,P@ssword123
XavierKids,Xavier,Emard,Xavier.Blick@gmail.com,P@ssword123,P@ssword123
DeclanWon,Declan,Dicki,Declan_Oberbrunner75@gmail.com,P@ssword123,P@ssword123
Ethelynportals,Ethelyn,Konopelski,Ethelyn_Sipes16@gmail.com,P@ssword123,P@ssword123
ElbertSingapore,Elbert,Schoen,Elbert_Trantow@yahoo.com,P@ssword123,P@ssword123
MariaCambridgeshire,Maria,Deckow,Maria.Jones41@hotmail.com,P@ssword123,P@ssword123
Zoilakiller,Zoila,Trantow,Zoila.Kilback@yahoo.com,P@ssword123,P@ssword123
AlbinaLegacy,Albina,Toy,Albina_Renner26@yahoo.com,P@ssword123,P@ssword123
Mossieback-end,Mossie,Wisozk,Mossie.Nitzsche69@gmail.com,P@ssword123,P@ssword123
MitchellIsle,Mitchell,Brakus,Mitchell.Blick33@gmail.com,P@ssword123,P@ssword123
AlenaSolutions,Alena,Morar,Alena_Breitenberg@yahoo.com,P@ssword123,P@ssword123
GlenHuman,Glen,Swaniawski,Glen_Ruecker79@gmail.com,P@ssword123,P@ssword123
Deannaout-of-the-box,Deanna,Waelchi,Deanna.Gerlach20@gmail.com,P@ssword123,P@ssword123
BrittanyIndiana,Brittany,O'Keefe,Brittany_Kuhn43@hotmail.com,P@ssword123,P@ssword123
EulaCentral,Eula,Corkery,Eula_Braun96@yahoo.com,P@ssword123,P@ssword123
Evelineback,Eveline,Osinski,Eveline94@gmail.com,P@ssword123,P@ssword123
KatlynnGranite,Katlynn,Padberg,Katlynn28@yahoo.com,P@ssword123,P@ssword123
Antonetteglobal,Antonette,Cartwright,Antonette.Kling11@yahoo.com,P@ssword123,P@ssword123
BertaWells,Berta,Farrell,Berta90@gmail.com,P@ssword123,P@ssword123
AstridCommon,Astrid,Langworth,Astrid_Schowalter15@gmail.com,P@ssword123,P@ssword123
CamillaTasty,Camilla,Schinner,Camilla_Lakin16@hotmail.com,P@ssword123,P@ssword123
ErwinBorders,Erwin,Towne,Erwin_Vandervort29@gmail.com,P@ssword123,P@ssword123
Davioninterfaces,Davion,Greenfelder,Davion.Macejkovic@hotmail.com,P@ssword123,P@ssword123
ErikKentucky,Erik,Schmeler,Erik_Nader@yahoo.com,P@ssword123,P@ssword123
Zenaivory,Zena,Schowalter,Zena82@yahoo.com,P@ssword123,P@ssword123
WinnifredSoap,Winnifred,Russel,Winnifred.Witting@yahoo.com,P@ssword123,P@ssword123
RobertaSSL,Roberta,Schmeler,Roberta_Rath14@yahoo.com,P@ssword123,P@ssword123
Deeintegrated,Dee,Monahan,Dee38@yahoo.com,P@ssword123,P@ssword123
DiegoAccount,Diego,Quigley,Diego92@yahoo.com,P@ssword123,P@ssword123
Tyresefront-end,Tyrese,Kulas,Tyrese_Johns@gmail.com,P@ssword123,P@ssword123
JacintheRustic,Jacinthe,Rogahn,Jacinthe_Altenwerth@hotmail.com,P@ssword123,P@ssword123
Alexandriaintranet,Alexandria,Gleason,Alexandria.MacGyver40@yahoo.com,P@ssword123,P@ssword123
SarahTechnician,Sarah,Goyette,Sarah.Daniel@yahoo.com,P@ssword123,P@ssword123
